{
	"format_version": "1.8.0",
	"animations": {
		"idle": {
			"animation_length": 1,
			"bones": {
				"bone": {
					"position": [0, -0.1, 0],
					"scale": [1, 1.27, 1]
				},
				"bone2": {
					"position": [0, 0, 0.2],
					"scale": [1, 1, 0.82]
				}
			}
		},
		"walk": {
			"loop": true,
			"animation_length": 1,
			"bones": {
				"RightArm": {
					"rotation": {
						"0.0": [0, 0, 0],
						"0.4583": [15, 0, 0],
						"1.0": [-30, 0, 0]
					}
				},
				"LeftArm": {
					"rotation": {
						"0.0": [0, 0, 0],
						"0.5": [-35, 0, 0],
						"1.0": [22.5, 0, 0]
					}
				},
				"RightLeg": {
					"rotation": {
						"0.0": [0, 0, 0],
						"0.4583": [-12, 0, 0],
						"1.0": [6, 0, 0]
					},
					"scale": [0.9, 1, 1]
				},
				"LeftLeg": {
					"rotation": {
						"0.0": [0, 0, 0],
						"0.4583": [12, 0, 0],
						"1.0": [-12.5, 0, 0]
					},
					"scale": [0.9, 1, 1]
				}
			}
		},
		"attack": {
			"animation_length": 1,
			"bones": {
				"RightArm": {
					"rotation": {
						"0.0": [0, 0, 0],
						"0.4167": [-90.36149, -14.96147, 17.618],
						"0.875": [0, 0, 0]
					}
				},
				"LeftArm": {
					"rotation": {
						"0.0": [0, 0, 0],
						"0.4167": [-68.48549, 3.58405, 4.73306],
						"0.5833": [11.19744, 11.40973, -16.56364],
						"1.0": [0, 0, 0]
					}
				}
			}
		}
	}
}