{
	"format_version": "1.8.0",
	"animations": {
		"idle": {
			"loop": true,
			"animation_length": 5.5,
			"bones": {
				"bone2": {
					"rotation": {
						"0.0": {
							"vector": [0, 0, 90]
						},
						"0.125": {
							"vector": [0, 0, 87.5]
						},
						"1.25": {
							"vector": [0, 0, -2.5]
						},
						"1.5": {
							"vector": [-10, 10, -2.5]
						},
						"2.25": {
							"vector": [-9.92649, -7.24008, 0.51726]
						},
						"3.25": {
							"vector": [0, 0, 0]
						},
						"3.6667": {
							"vector": [-4.9532, -59.57934, 4.17825]
						},
						"4.0": {
							"vector": [0.07351, -7.24008, 0.51726]
						},
						"4.125": {
							"vector": [48.96998, -41.7167, -104.29728]
						},
						"4.9167": {
							"vector": [0, 0, 0]
						}
					},
					"position": {
						"0.0": {
							"vector": [0, 0, 0]
						},
						"0.125": {
							"vector": [8.4, 0, 0]
						},
						"0.75": {
							"vector": [30.4, 0, 0]
						},
						"1.25": {
							"vector": [37.4, 13.6, 0]
						},
						"1.5": {
							"vector": [37.4, 13.6, 20.8]
						},
						"2.25": {
							"vector": [-40.8, 13.6, 34.4]
						},
						"2.75": {
							"vector": [-40.8, 13.6, -26.3]
						},
						"3.25": {
							"vector": [11.4, 13.6, -26.3]
						},
						"4.0": {
							"vector": [38.9, 31.6, -26.3]
						},
						"4.5": {
							"vector": [38.9, 31.6, 38.4]
						},
						"5.0": {
							"vector": [-11.5, 31.6, 38.4]
						}
					},
					"scale": {
						"0.125": {
							"vector": [0, 0, 1]
						},
						"0.75": {
							"vector": [1, 0.8, 1]
						}
					}
				}
			}
		},
		"possessed": {
			"animation_length": 1.2917,
			"bones": {
				"bone2": {
					"rotation": {
						"0.25": {
							"vector": [0, 0, 0]
						},
						"0.75": {
							"vector": [9.84659, 0.14886, -4.22795]
						},
						"1.2917": {
							"vector": [-2.63659, 0.33352, -0.23217]
						}
					},
					"position": {
						"0.25": {
							"vector": [0.9, 13.6, 20.8]
						},
						"0.75": {
							"vector": [0.9, 36, 20.8]
						},
						"1.2917": {
							"vector": [0.3, 3, -0.2]
						}
					}
				}
			}
		}
	},
	"geckolib_format_version": 2
}