{
	"format_version": "1.8.0",
	"animations": {
		"bat_stamp": {
			"animation_length": 2.5,
			"bones": {
				"head": {
					"rotation": {
						"1.6667": [0, 0, 0],
						"1.75": [-7.5, 0, 0],
						"1.8333": [0, 0, 0],
						"2.0": [0, 0, 0]
					}
				},
				"right_arm": {
					"rotation": {
						"0.0": [0, 0, 0],
						"0.5": [-35.67331, -57.77464, -30.0129],
						"0.625": [-5.49275, -63.14779, -47.49071],
						"0.75": [-35.67331, -57.77464, -30.0129],
						"2.0": [-35.67331, -57.77464, -30.0129],
						"2.5": [0, 0, 0]
					},
					"position": {
						"0.0": [0, 0, 0],
						"2.5": [0, 0, 0]
					},
					"scale": {
						"0.0": [1, 1, 1],
						"2.5": [1, 1, 1]
					}
				},
				"left_arm": {
					"rotation": {
						"0.0": [0, 0, 0],
						"1.0": [-5, 0, 0],
						"1.5": [-91.22206, 71.82124, -15.45201],
						"2.0": [-91.22206, 71.82124, -15.45201],
						"2.5": [0, 0, 0]
					},
					"position": {
						"0.0": [0, 0, 0],
						"2.5": [0, 0, 0]
					},
					"scale": {
						"0.0": [1, 1, 1],
						"2.5": [1, 1, 1]
					}
				}
			}
		}
	}
}