{
	"format_version": "1.8.0",
	"animations": {
		"bat_stamp": {
			"animation_length": 2.5,
			"bones": {
				"head": {
					"rotation": {
						"1.6667": {
							"vector": [0, 0, 0]
						},
						"1.75": {
							"vector": [-7.5, 0, 0]
						},
						"1.8333": {
							"vector": [0, 0, 0]
						},
						"2.0": {
							"vector": [0, 0, 0]
						}
					}
				},
				"right_arm": {
					"rotation": {
						"0.0": {
							"vector": [0, 0, 0]
						},
						"1.5417": {
							"vector": [0, 0, 0]
						},
						"2.0": {
							"vector": [-59.9156, -64.41955, -27.58848]
						},
						"2.5": {
							"vector": [0, 0, 0]
						}
					},
					"position": {
						"0.0": {
							"vector": [0, 0, 0]
						},
						"2.5": {
							"vector": [0, 0, 0]
						}
					},
					"scale": {
						"0.0": {
							"vector": [1, 1, 1]
						},
						"2.5": {
							"vector": [1, 1, 1]
						}
					}
				},
				"left_arm": {
					"rotation": {
						"0.0": {
							"vector": [0, 0, 0]
						},
						"0.875": {
							"vector": [-24.90733, 25.81137, 24.79818]
						},
						"1.0": {
							"vector": [-39.89409, 29.4987, 28.34077]
						},
						"1.125": {
							"vector": [-24.90733, 25.81137, 24.79818]
						},
						"1.5": {
							"vector": [-91.22206, 71.82124, -15.45201]
						},
						"2.0": {
							"vector": [-91.22206, 71.82124, -15.45201]
						},
						"2.5": {
							"vector": [0, 0, 0]
						}
					},
					"position": {
						"0.0": {
							"vector": [0, 0, 0]
						},
						"2.5": {
							"vector": [0, 0, 0]
						}
					},
					"scale": {
						"0.0": {
							"vector": [1, 1, 1]
						},
						"2.5": {
							"vector": [1, 1, 1]
						}
					}
				}
			}
		}
	}
}