{
	"format_version": "1.8.0",
	"animations": {
		"build_up": {
			"animation_length": 7.2917,
			"bones": {
				"head": {
					"rotation": {
						"2.9583": {
							"vector": [0, 0, 0]
						},
						"4.125": {
							"vector": [-5, 0, 0]
						},
						"4.25": {
							"vector": [10, 0, 0]
						},
						"4.375": {
							"vector": [0, 0, 0]
						},
						"6.5417": {
							"vector": [0, 0, 0]
						},
						"6.625": {
							"vector": [1.10693, -12.45167, -5.12076]
						},
						"7.125": {
							"vector": [0.75221, -2.57369, 2.57789]
						},
						"7.2917": {
							"vector": [0, 0, 0]
						}
					}
				},
				"right_arm": {
					"rotation": {
						"2.9583": {
							"vector": [0, 0, 0]
						},
						"4.125": {
							"vector": [-93.62779, -32.18826, -4.75346]
						},
						"4.6667": {
							"vector": [-93.62779, -32.18826, -4.75346]
						},
						"5.125": {
							"vector": [-22.34351, -3.10813, 17.31959]
						},
						"5.875": {
							"vector": [-22.34351, -3.10813, 17.31959]
						},
						"6.2917": {
							"vector": [0, 0, 0]
						}
					}
				},
				"left_arm": {
					"rotation": {
						"2.9583": {
							"vector": [0, 0, 0]
						},
						"4.125": {
							"vector": [-81.12779, 32.18826, 4.75346]
						},
						"4.6667": {
							"vector": [-81.12779, 32.18826, 4.75346]
						},
						"5.125": {
							"vector": [-25.65612, 7.66251, -22.12666]
						},
						"5.875": {
							"vector": [-25.65612, 7.66251, -22.12666]
						},
						"6.2917": {
							"vector": [0, 0, 0]
						}
					}
				}
			}
		}
	},
	"geckolib_format_version": 2
}