{
	"format_version": "1.8.0",
	"animations": {
		"ghost": {
			"animation_length": 2,
			"bones": {
				"head": {
					"rotation": {
						"0.0": {
							"vector": [12.5, 0, 0]
						},
						"0.5": {
							"vector": [12.5, 0, 0]
						},
						"1.0": {
							"vector": [0, 0, 0]
						},
						"1.5": {
							"vector": [0, 0, 0]
						}
					}
				},
				"right_arm": {
					"rotation": {
						"0.0": {
							"vector": [0, 0, 0]
						},
						"0.5": {
							"vector": [-145.22267, -4.02155, 6.33586]
						},
						"0.7083": {
							"vector": [-157.72267, -4.02155, 6.33586]
						},
						"0.9167": {
							"vector": [-147.72267, -4.02155, 6.33586]
						},
						"1.5": {
							"vector": [0, 0, 0]
						}
					}
				},
				"left_arm": {
					"rotation": {
						"0.0": {
							"vector": [0, 0, 0]
						},
						"0.5": {
							"vector": [-150.17352, 2.86313, -6.93488]
						},
						"0.7083": {
							"vector": [-165.17352, 2.86313, -6.93488]
						},
						"0.9167": {
							"vector": [-157.67352, 2.86313, -6.93488]
						},
						"1.5": {
							"vector": [0, 0, 0]
						}
					}
				}
			}
		}
	},
	"geckolib_format_version": 2
}