{
	"format_version": "1.8.0",
	"animations": {
		"necrom_henshin": {
			"animation_length": 5,
			"bones": {
				"body": {
					"rotation": {
						"0.0": {
							"vector": [0, 0, 0]
						},
						"1.2917": {
							"vector": [0, 0, 0]
						},
						"1.75": {
							"vector": [0, -47.5, 0]
						},
						"4.2083": {
							"vector": [0, 0, 0]
						}
					}
				},
				"head": {
					"rotation": {
						"0.0": {
							"vector": [0, 0, 0]
						},
						"3.4583": {
							"vector": [-0.47089, 30.48105, -0.88061]
						},
						"5.0": {
							"vector": [0, 0, 0]
						}
					}
				},
				"right_arm": {
					"rotation": {
						"0.0": {
							"vector": [0, 0, 0]
						},
						"0.3333": {
							"vector": [0, 0, 0]
						},
						"0.7917": {
							"vector": [-73.97491, -37.15276, -32.04446]
						},
						"0.9583": {
							"vector": [-87.95558, -32.48094, -30.672]
						},
						"1.2917": {
							"vector": [-67.56203, -44.97153, -31.29735]
						},
						"1.75": {
							"vector": [-60.06203, -44.97153, -31.29735]
						},
						"3.2917": {
							"vector": [-60.06203, -44.97153, -31.29735]
						},
						"3.375": {
							"vector": [-70.06203, -44.97153, -31.29735]
						},
						"3.5417": {
							"vector": [-85.07687, -50.55749, -34.61063]
						},
						"3.5833": {
							"vector": [-66.95558, -51.95398, -35.43895]
						},
						"3.7083": {
							"vector": [-70.86371, -42.61537, -30.1392]
						},
						"3.9583": {
							"vector": [-70.13702, -42.51092, -30.8115]
						},
						"4.125": {
							"vector": [-75.24909, -18.65153, -21.73124]
						},
						"4.7083": {
							"vector": [0, 0, 7.5]
						}
					},
					"scale": {
						"0.0": {
							"vector": [1, 1, 1]
						},
						"0.9583": {
							"vector": [1, 0.91, 1]
						},
						"1.2917": {
							"vector": [1, 0.89, 1]
						}
					}
				},
				"left_arm": {
					"rotation": {
						"0.0": {
							"vector": [0, 0, 0]
						},
						"0.3333": {
							"vector": [-142.30898, -23.94396, 9.93021]
						},
						"1.2917": {
							"vector": [-123.02953, 30.87932, -32.22844]
						},
						"3.2917": {
							"vector": [-105, 0, 0]
						},
						"3.5417": {
							"vector": [-82.5, 0, 0]
						},
						"3.875": {
							"vector": [-65.85133, -20.70481, -9.00717]
						},
						"4.7083": {
							"vector": [-7.47178, -0.65182, -4.95744]
						}
					},
					"scale": {
						"0.0": {
							"vector": [1, 1, 1]
						},
						"0.3333": {
							"vector": [1, 0.88, 1]
						}
					}
				}
			}
		}
	}
}