{
	"format_version": "1.8.0",
	"animations": {
		"necrom_henshinx": {
			"animation_length": 2.0833,
			"bones": {
				"body": {
					"rotation": {
						"0.0": [0, -47.5, 0],
						"1.7083": [0, 0, 0]
					}
				},
				"head": {
					"rotation": [0, 0, 0]
				},
				"right_arm": {
					"rotation": {
						"0.0": [-75.24909, -18.65153, -21.73124],
						"0.7083": [-85.58064, -19.26921, -13.85156],
						"1.5833": [-12.16996, 0, 7.5]
					}
				},
				"left_arm": {
					"rotation": {
						"0.1667": [-114.32965, 36.49871, -116.9013],
						"0.7083": [-87.03654, 32.46527, 1.59176],
						"1.5833": [-14.83806, -0.96335, -7.33838]
					}
				},
				"left_leg": {
					"rotation": [-4.32866, -2.47386, -5.20364]
				}
			}
		}
	}
}