{
	"format_version": "1.8.0",
	"animations": {
		"necrom_henshin": {
			"animation_length": 3,
			"bones": {
				"body": {
					"rotation": {
						"0.0": {
							"vector": [0, 0, 0]
						},
						"1.625": {
							"vector": [0, 0, 0]
						},
						"2.3333": {
							"vector": [0, -47.5, 0]
						}
					}
				},
				"head": {
					"rotation": {
						"vector": [0, 0, 0]
					}
				},
				"right_arm": {
					"rotation": {
						"0.0": {
							"vector": [0, 0, 0]
						},
						"0.3333": {
							"vector": [0, 0, 0]
						},
						"0.7917": {
							"vector": [-73.97491, -37.15276, -32.04446]
						},
						"0.9583": {
							"vector": [-87.95558, -32.48094, -30.672]
						},
						"1.2917": {
							"vector": [-67.56203, -44.97153, -31.29735]
						},
						"1.75": {
							"vector": [-60.06203, -44.97153, -31.29735]
						},
						"2.2917": {
							"vector": [-55.59612, -51.32739, -37.28112]
						}
					},
					"scale": {
						"0.0": {
							"vector": [1, 1, 1]
						},
						"0.9583": {
							"vector": [1, 0.91, 1]
						},
						"1.2917": {
							"vector": [1, 0.89, 1]
						}
					}
				},
				"left_arm": {
					"rotation": {
						"0.0": {
							"vector": [0, 0, 0]
						},
						"0.3333": {
							"vector": [-142.30898, -23.94396, 9.93021]
						},
						"1.2917": {
							"vector": [-114.32965, 36.49871, -116.9013]
						}
					},
					"scale": {
						"0.0": {
							"vector": [1, 1, 1]
						},
						"0.3333": {
							"vector": [1, 0.88, 1]
						}
					}
				},
				"right_leg": {
					"rotation": {
						"0.0": {
							"vector": [0, 0, 0]
						},
						"1.9583": {
							"vector": [0, 5, 0]
						}
					}
				},
				"left_leg": {
					"rotation": {
						"0.0": {
							"vector": [0, 0, 0]
						},
						"1.9583": {
							"vector": [0.6574, -7.4713, -5.04292]
						}
					}
				},
				"belt": {
					"position": {
						"vector": [1, 0, 0]
					},
					"scale": {
						"vector": [1.25, 1, 1]
					}
				},
				"zong": {
					"position": {
						"vector": [-0.3, -1.2, 0]
					},
					"scale": {
						"vector": [0.61, 0.69, 0.58]
					}
				}
			}
		}
	}
}