{
	"format_version": "1.8.0",
	"animations": {
		"queenbeea": {
			"animation_length": 5,
			"bones": {
				"right_arm": {
					"rotation": {
						"0.0": {
							"vector": [0, 0, 0]
						},
						"0.5": {
							"vector": [-33.32587, -35.49178, -12.99301]
						},
						"0.625": {
							"vector": [-48.11606, -43.24836, -21.17903]
						},
						"0.875": {
							"vector": [-37.88957, -28.6935, 11.62311]
						},
						"1.1667": {
							"vector": [-0.64891, 11.69633, 17.89148]
						},
						"1.3333": {
							"vector": [0, 0, 0]
						}
					}
				},
				"left_arm": {
					"rotation": {
						"0.0": {
							"vector": [0, 0, 0]
						},
						"0.5": {
							"vector": [0, 0, 0]
						},
						"1.375": {
							"vector": [-42.75872, -10.31016, -10.95453],
							"easing": "easeInSine"
						},
						"1.625": {
							"vector": [-122.24022, 6.46852, -11.0295]
						},
						"2.0417": {
							"vector": [-124.62533, 21.11043, -20.93118]
						},
						"2.375": {
							"vector": [-106.51634, 34.90476, 18.9514]
						}
					},
					"position": {
						"0.0": {
							"vector": [0, 0, 0]
						},
						"0.5": {
							"vector": [0, 0, 0]
						},
						"2.0417": {
							"vector": [0, -0.5, 0]
						}
					}
				}
			}
		}
	},
	"geckolib_format_version": 2
}