{
	"format_version": "1.8.0",
	"animations": {
		"raise": {
			"animation_length": 5,
			"bones": {
				"head": {
					"position": [0, 0, 0]
				},
				"left_arm": {
					"rotation": {
						"0.0": [0, 0, 0],
						"1.0": [-10.96034, -9.56136, -84.65646],
						"2.7917": [-10.96034, -9.56136, -84.65646],
						"5.0": [0, 0, 0]
					}
				}
			}
		}
	}
}