{
	"format_version": "1.8.0",
	"animations": {
		"raisex": {
			"animation_length": 5,
			"bones": {
				"head": {
					"rotation": [0, 0, 0]
				},
				"left_arm": {
					"rotation": {
						"0.0": [0, 0, 0],
						"0.7917": [-75.65143, -69.40933, -13.46639],
						"2.375": [-75.65143, -69.40933, -13.46639],
						"5.0": [0, 0, 0]
					}
				}
			}
		}
	}
}