{
	"format_version": "1.8.0",
	"animations": {
		"raisex": {
			"animation_length": 1,
			"bones": {
				"head": {
					"position": {
						"0.3333": [0, 0, 0],
						"0.625": [0, 0, 0]
					},
					"scale": 1
				},
				"left_arm": {
					"rotation": {
						"0.0": [0, 0, 0],
						"0.3333": [-68.0861, -30.05861, -2.49048],
						"0.625": [-70.85396, 9.97342, 12.34282],
						"1.0": [0, 0, 0]
					},
					"position": {
						"0.0": [0, 0, 0],
						"1.0": [0, 0, 0]
					}
				}
			}
		}
	}
}