{
	"format_version": "1.8.0",
	"animations": {
		"sodas": {
			"animation_length": 3.5,
			"bones": {
				"right_arm": {
					"rotation": {
						"0.0": {
							"vector": [0, 0, 0]
						},
						"0.25": {
							"vector": [-17.5, 0, 0]
						},
						"0.75": {
							"vector": [-17.35932, -2.24944, -7.15656]
						},
						"1.5": {
							"vector": [-16.93839, -4.46375, -14.33501]
						},
						"2.2917": {
							"vector": [-16.93839, -4.46375, -14.33501]
						},
						"2.3333": {
							"vector": [-26.35431, -4.30983, -13.8407]
						},
						"3.0": {
							"vector": [-23.88867, 1.11913, 8.77401]
						},
						"3.5": {
							"vector": [0, 0, 0]
						}
					}
				}
			}
		}
	},
	"geckolib_format_version": 2
}