{
	"format_version": "1.8.0",
	"animations": {
		"sodax": {
			"animation_length": 1.5,
			"bones": {
				"right_arm": {
					"rotation": {
						"0.0": {
							"vector": [0, 0, 0]
						},
						"0.0833": {
							"vector": [-34.84005, -6.39214, -29.26009],
							"easing": "linear"
						},
						"0.2917": {
							"vector": [-22.34005, -6.39214, -29.26009],
							"easing": "linear"
						},
						"0.5417": {
							"vector": [-24.15698, -13.33567, -61.52067]
						},
						"0.6667": {
							"vector": [-23.83415, -11.55229, -51.44318]
						},
						"0.7917": {
							"vector": [-25.57527, -10.17797, -54.57086]
						},
						"1.0417": {
							"vector": [-16.65584, -10.00178, -49.2163]
						},
						"1.2083": {
							"vector": [-14.24118, -10.52329, -49.06983]
						},
						"1.5": {
							"vector": [0, 0, 0]
						}
					}
				}
			}
		}
	},
	"geckolib_format_version": 2
}