{
	"format_version": "1.8.0",
	"animations": {
		"spintwo": {
			"animation_length": 1.5,
			"bones": {
				"head": {
					"rotation": {
						"0.0": {
							"vector": [0, 0, 0]
						},
						"0.6667": {
							"vector": [-2.5, 0, 0]
						},
						"0.8333": {
							"vector": [2.5, 0, 0]
						},
						"0.9583": {
							"vector": [-2.5, 0, 0]
						}
					}
				},
				"right_arm": {
					"rotation": {
						"0.0": {
							"vector": [-69.98973, -50.76404, -15.75215]
						},
						"0.0417": {
							"vector": [-71.23973, -50.76404, -15.75215]
						},
						"0.125": {
							"vector": [-57.48973, -50.76404, -15.75215]
						},
						"1.3333": {
							"vector": [0, 0, 0]
						},
						"1.5": {
							"vector": [0, 0, 7.5]
						}
					}
				},
				"left_arm": {
					"rotation": {
						"vector": [-4.45561, 1.97528, -7.35559]
					}
				}
			}
		}
	},
	"geckolib_format_version": 2
}