{
	"format_version": "1.8.0",
	"animations": {
		"steadily": {
			"animation_length": 3,
			"bones": {
				"body": {
					"rotation": {
						"0.0": [-37.5, 0, 0],
						"1.5": [50, 0, 0],
						"3.0": [0, 0, 0]
					}
				},
				"head": {
					"rotation": {
						"0.0": [50, 0, 0],
						"1.5": [-15, 0, 0],
						"3.0": [0, 0, 0]
					}
				},
				"right_arm": {
					"rotation": {
						"0.0": [-28.71307, 34.73537, 4.1702],
						"3.0": [0, 0, 0]
					}
				},
				"left_arm": {
					"rotation": {
						"0.0": [-30, 0, -45],
						"1.5": [-47.20513, 18.88952, -28.31459],
						"3.0": [0, 0, 0]
					}
				},
				"right_leg": {
					"rotation": {
						"0.0": [12.39638, -1.61888, 7.32417],
						"1.5": [-42.60362, -1.61888, 7.32417],
						"3.0": [0, 0, 0]
					},
					"position": {
						"0.0": [0, 3, -4],
						"1.5": [0, -0.3, 0.6],
						"3.0": [0, 0, 0]
					}
				},
				"left_leg": {
					"rotation": {
						"0.0": [-32.41877, 5.55914, -0.57544],
						"1.5": [-47.41877, 5.55914, -0.57544],
						"3.0": [0, 0, 0]
					},
					"position": {
						"0.0": [0.3, 0, 0],
						"1.5": [0.3, 2.5, -2.7],
						"3.0": [0, 0, 0]
					}
				}
			}
		}
	}
}