{
	"format_version": "1.8.0",
	"animations": {
		"storiousvfxheixin": {
			"animation_length": 16,
			"bones": {
				"head": {
					"rotation": {
						"0.0": {
							"vector": [0, 0, 0]
						},
						"0.5": {
							"vector": [2.5, -10, 0]
						},
						"3.6667": {
							"vector": [10, -10, 0]
						},
						"6.6667": {
							"vector": [2.38122, 4.77732, 2.58492]
						},
						"12.4583": {
							"vector": [2.38, 4.78, 2.58]
						},
						"12.5": {
							"vector": [9.88, 4.78, 2.58]
						},
						"12.625": {
							"vector": [2.38, 4.78, 2.58]
						},
						"13.4167": {
							"vector": [0, 0, 0]
						}
					}
				},
				"right_arm": {
					"rotation": {
						"0.4167": {
							"vector": [0, 0, 0]
						},
						"0.5": {
							"vector": [-25, 0, 0]
						},
						"0.625": {
							"vector": [-85, 0, 0]
						},
						"1.25": {
							"vector": [-81.82169, -52.21677, -6.48009]
						},
						"1.3333": {
							"vector": [-81.32742, -54.68982, -7.09519]
						},
						"1.4167": {
							"vector": [-83.48457, -39.8173, -4.18273]
						},
						"1.4583": {
							"vector": [-75.11962, -29.39413, -2.05427]
						},
						"1.5": {
							"vector": [-83.01677, -29.44793, -2.36552]
						},
						"3.6667": {
							"vector": [-83.72057, -14.54688, -0.50256]
						},
						"6.375": {
							"vector": [-83.72, -14.55, -0.5]
						},
						"6.75": {
							"vector": [-20.54365, -27.76109, -29.52295]
						},
						"6.8333": {
							"vector": [-22.89527, -25.90938, -24.31717]
						},
						"6.9167": {
							"vector": [-15.18691, -30.83933, -40.43968]
						},
						"6.9583": {
							"vector": [-20.54365, -27.76109, -29.52295]
						},
						"12.5": {
							"vector": [-20.54, -27.76, -29.52]
						},
						"12.5417": {
							"vector": [-17.96613, -29.41005, -34.89587]
						},
						"12.6667": {
							"vector": [-21.74417, -26.85812, -26.89578]
						},
						"13.25": {
							"vector": [0, 0, 0]
						}
					},
					"position": {
						"0.5": {
							"vector": [0, 0, 0]
						},
						"6.8333": {
							"vector": [0, 0, 0]
						},
						"6.9583": {
							"vector": [0, 0.2, 0]
						}
					},
					"scale": {
						"0.5": {
							"vector": [1, 1, 1]
						},
						"12.6667": {
							"vector": [1, 1, 1]
						}
					}
				},
				"left_arm": {
					"rotation": {
						"0.0": {
							"vector": [0, 0, 0]
						},
						"0.5": {
							"vector": [-97.61435, 9.91358, -1.31845]
						},
						"1.2917": {
							"vector": [-97.61435, 9.91358, -1.31845]
						},
						"1.4583": {
							"vector": [-97.61435, 9.91358, -1.31845]
						},
						"3.6667": {
							"vector": [-83.81169, 8.5174, -8.78404]
						},
						"5.7917": {
							"vector": [-83.81, 8.52, -8.78]
						},
						"6.0": {
							"vector": [-16.31, 8.52, -8.78]
						},
						"6.0417": {
							"vector": [-28.81, 8.52, -8.78]
						},
						"6.0833": {
							"vector": [-16.31, 8.52, -8.78]
						},
						"6.375": {
							"vector": [0, 0, 0]
						}
					},
					"position": {
						"vector": [0, 0, 0]
					},
					"scale": {
						"0.0": {
							"vector": [1, 1, 1]
						},
						"5.7917": {
							"vector": [1, 1, 1]
						}
					}
				}
			}
		}
	},
	"geckolib_format_version": 2
}