{
  "credit": "Made with Blockbench",
  "parent": "builtin/entity",
  "texture_size": [
    32,
    32
  ],
  "display": {
    "thirdperson_righthand": {
      "rotation": [
        28.75,
        0,
        0
      ],
      "translation": [
        0,
        -2,
        0
      ],
      "scale": [
        1.7168,
        1.7168,
        1.7168
      ]
    },
    "thirdperson_lefthand": {
      "rotation": [
        117.4699999999998,
        53.48000000000002,
        -145.92000000000007
      ],
      "translation": [
        -0.5,
        -3.25,
        0.75
      ],
      "scale": [
        1.98438,
        1.98438,
        1.98438
      ]
    },
    "firstperson_righthand": {
      "rotation": [
        12.75,
        0,
        0
      ],
      "translation": [
        0,
        0,
        2
      ],
      "scale": [
        2.90039,
        3.40234,
        1.82422
      ]
    },
    "firstperson_lefthand": {
      "rotation": [
        -154.75,
        87.75,
        -180
      ],
      "scale": [
        2.7832,
        3.19531,
        2.07227
      ]
    },
    "ground": {
      "scale": [
        2.22461,
        2.22461,
        1.99414
      ]
    },
    "gui": {
      "rotation": [
        -180,
        4.25,
        -180
      ],
      "translation": [
        0,
        -4.75,
        0
      ],
      "scale": [
        3.625,
        3.625,
        3.625
      ]
    },
    "head": {
      "translation": [
        0,
        2.25,
        -7.75
      ],
      "scale": [
        3.25391,
        3.25391,
        3.25391
      ]
    },
    "fixed": {
      "translation": [
        0,
        -5.25,
        0
      ],
      "scale": [
        4,
        3.82422,
        1
      ]
    }
  }
}