{
  "credit": "Made with Blockbench",
  "parent": "builtin/entity",
  "texture_size": [
    32,
    32
  ],
  "display": {
    "thirdperson_righthand": {
      "rotation": [
        28.75,
        0,
        0
      ],
      "translation": [
        0,
        -1.5,
        0
      ],
      "scale": [
        1.716796875,
        1.716796875,
        1.716796875
      ]
    },
    "thirdperson_lefthand": {
      "rotation": [
        117.4699999999998,
        53.48000000000002,
        -145.92000000000007
      ],
      "translation": [
        -0.5,
        -3.25,
        -0.25
      ],
      "scale": [
        1.984375,
        1.984375,
        1.984375
      ]
    },
    "firstperson_righthand": {
      "rotation": [
        12.75,
        0,
        0
      ],
      "translation": [
        0,
        0,
        2
      ],
      "scale": [
        2.900390625,
        3.40234375,
        1.82421875
      ]
    },
    "firstperson_lefthand": {
      "rotation": [
        -154.75,
        87.75,
        -180
      ],
      "scale": [
        2.783203125,
        3.1953125,
        2.072265625
      ]
    },
    "ground": {
      "scale": [
        2.224609375,
        2.224609375,
        1.994140625
      ]
    },
    "gui": {
      "rotation": [
        -180,
        4.25,
        -180
      ],
      "translation": [
        0,
        -4.75,
        0
      ],
      "scale": [
        3.625,
        3.625,
        3.625
      ]
    },
    "head": {
      "translation": [
        0,
        2.25,
        -7.75
      ],
      "scale": [
        3.25390625,
        3.25390625,
        3.25390625
      ]
    },
    "fixed": {
      "translation": [
        0,
        -5.25,
        0
      ],
      "scale": [
        4,
        3.82421875,
        1
      ]
    }
  },
  "textures": {
    "particle": "item/aiziowc"
  }
}