{
  "credit": "Made with Blockbench",
  "parent": "builtin/entity",
  "display": {
    "thirdperson_righthand": {
      "translation": [
        0,
        -2,
        3.75
      ]
    },
    "thirdperson_lefthand": {
      "translation": [
        2.75,
        0,
        3.5
      ]
    },
    "firstperson_righthand": {
      "rotation": [
        8.429999999999836,
        45.710000000000036,
        4.139999999999873
      ],
      "translation": [
        0,
        1.25,
        0
      ]
    },
    "firstperson_lefthand": {
      "translation": [
        0,
        2.75,
        4
      ]
    },
    "gui": {
      "rotation": [
        -153.05000000000018,
        43.44999999999982,
        147.48000000000002
      ]
    },
    "head": {
      "translation": [
        0,
        0.5,
        1.25
      ],
      "scale": [
        1.98438,
        1.98438,
        1.98438
      ]
    },
    "fixed": {
      "translation": [
        0,
        0,
        4.75
      ],
      "scale": [
        1.58008,
        1.58008,
        1.58008
      ]
    },
    "on_shelf": {
      "rotation": [
        -180,
        2.25,
        -180
      ],
      "scale": [
        1.26953,
        1.26953,
        1.26953
      ]
    }
  }
}