{
  "credit": "Made with Blockbench",
  "parent": "builtin/entity",
  "texture_size": [
    32,
    32
  ],
  "display": {
    "thirdperson_righthand": {
      "translation": [
        0,
        -2.25,
        -1
      ],
      "scale": [
        1.0703125,
        1.0703125,
        1.0703125
      ]
    },
    "thirdperson_lefthand": {
      "translation": [
        0,
        -2.75,
        -0.75
      ]
    },
    "firstperson_righthand": {
      "rotation": [
        -180,
        83.5,
        -180
      ],
      "scale": [
        1.876953125,
        1.876953125,
        1.876953125
      ]
    },
    "firstperson_lefthand": {
      "rotation": [
        23.25,
        80,
        0
      ],
      "scale": [
        1.65625,
        1.65625,
        1.65625
      ]
    },
    "ground": {
      "translation": [
        0,
        -2.25,
        0
      ],
      "scale": [
        1.392578125,
        1.392578125,
        1.392578125
      ]
    },
    "gui": {
      "rotation": [
        -180,
        22.25,
        -180
      ],
      "translation": [
        0,
        -3.5,
        0
      ],
      "scale": [
        2.51171875,
        2.51171875,
        2.51171875
      ]
    },
    "head": {
      "translation": [
        -4,
        6.75,
        -5.75
      ],
      "scale": [
        1.37109375,
        1.37109375,
        1.37109375
      ]
    },
    "fixed": {
      "translation": [
        0.75,
        -3,
        0
      ],
      "scale": [
        2.46875,
        2.46875,
        2.46875
      ]
    }
  },
  "textures": {
    "particle": "item/dragonfruit"
  }
}