{
  "credit": "Made with Blockbench",
  "parent": "builtin/entity",
  "texture_size": [
    64,
    64
  ],
  "display": {
    "thirdperson_righthand": {
      "translation": [
        -1.5,
        -1.25,
        -0.75
      ]
    },
    "thirdperson_lefthand": {
      "rotation": [
        -0.07,
        9.69,
        0.84
      ],
      "translation": [
        1.25,
        -1,
        0
      ]
    },
    "firstperson_righthand": {
      "rotation": [
        -0.49,
        -1.16,
        -22.75
      ],
      "translation": [
        0,
        1.75,
        0
      ],
      "scale": [
        1.462890625,
        1.462890625,
        1.462890625
      ]
    },
    "firstperson_lefthand": {
      "rotation": [
        156.11,
        47.66,
        -149.09
      ],
      "translation": [
        0,
        2.5,
        0
      ],
      "scale": [
        1.185546875,
        1.185546875,
        1.185546875
      ]
    },
    "gui": {
      "rotation": [
        179.46,
        -6.23,
        174.97
      ],
      "translation": [
        1.25,
        0,
        0
      ],
      "scale": [
        1.703125,
        1.703125,
        1.703125
      ]
    },
    "head": {
      "translation": [
        0,
        8.25,
        0
      ]
    },
    "fixed": {
      "translation": [
        -1.25,
        1,
        0
      ],
      "scale": [
        1.525390625,
        1.525390625,
        1.525390625
      ]
    },
    "on_shelf": {
      "rotation": [
        -180,
        -19.25,
        -180
      ],
      "scale": [
        2.1015625,
        2.1015625,
        2.1015625
      ]
    }
  }
}