{
  "credit": "Made with Blockbench",
  "parent": "builtin/entity",
  "texture_size": [
    64,
    64
  ],
  "display": {
    "thirdperson_righthand": {
      "translation": [
        0,
        -1.75,
        0
      ],
      "scale": [
        1.23,
        1.23,
        1.23
      ]
    },
    "thirdperson_lefthand": {
      "translation": [
        0,
        -1,
        0
      ],
      "scale": [
        1.2,
        1.2,
        1.2
      ]
    },
    "firstperson_righthand": {
      "rotation": [
        132.17,
        76.98,
        -125.99
      ],
      "translation": [
        0,
        1.5,
        0
      ],
      "scale": [
        1.45312375,
        1.7773425,
        1.18164
      ]
    },
    "firstperson_lefthand": {
      "rotation": [
        71.03,
        78.85,
        -58.55
      ],
      "translation": [
        0,
        2.5,
        0
      ],
      "scale": [
        1.332035625,
        1.46680125,
        1.332035625
      ]
    },
    "gui": {
      "rotation": [
        179.3699999999999,
        7.4699999999998,
        -175.21000000000004
      ],
      "scale": [
        1.63477,
        1.63477,
        1.63477
      ]
    },
    "head": {
      "rotation": [
        0,
        0,
        -9.75
      ],
      "translation": [
        4.25,
        0.5,
        -6.25
      ]
    },
    "fixed": {
      "scale": [
        2.17773,
        2.17773,
        2.17773
      ]
    }
  },
  "textures": {
    "particle": "item/kivat_bat_two_nd"
  }
}