{
  "credit": "Made with Blockbench",
  "parent": "builtin/entity",
  "texture_size": [
    64,
    64
  ],
  "display": {
    "thirdperson_righthand": {
      "translation": [
        0,
        -1.75,
        0
      ],
      "scale": [
        1.23,
        1.23,
        1.23
      ]
    },
    "thirdperson_lefthand": {
      "translation": [
        0,
        -1,
        0
      ],
      "scale": [
        1.2,
        1.2,
        1.2
      ]
    },
    "firstperson_righthand": {
      "rotation": [
        32.04,
        71.68,
        -23.8
      ],
      "scale": [
        1.26953125,
        1.55078125,
        1.181640625
      ]
    },
    "firstperson_lefthand": {
      "rotation": [
        57.5,
        62.86,
        -45.58
      ],
      "scale": [
        1,
        1.134765625,
        1
      ]
    },
    "gui": {
      "rotation": [
        179.37,
        7.47,
        -175.21
      ],
      "scale": [
        1.634765625,
        1.634765625,
        1.634765625
      ]
    },
    "head": {
      "rotation": [
        0,
        0,
        -9.75
      ],
      "translation": [
        4.25,
        0.5,
        -6.25
      ]
    },
    "fixed": {
      "scale": [
        2.177734375,
        2.177734375,
        2.177734375
      ]
    }
  },
  "textures": {
    "particle": "item/kivat_bat_two_nd"
  }
}