{
  "credit": "Made with Blockbench",
  "parent": "builtin/entity",
  "texture_size": [
    32,
    32
  ],
  "display": {
    "thirdperson_righthand": {
      "rotation": [
        -8.08,
        45.56,
        22.01
      ],
      "translation": [
        2.25,
        -5,
        -0.25
      ]
    },
    "thirdperson_lefthand": {
      "rotation": [
        -179.97,
        -85.02,
        179.2
      ],
      "translation": [
        -1,
        -6.25,
        0.75
      ]
    },
    "firstperson_righthand": {
      "rotation": [
        -166.96,
        -2.47,
        -162.49
      ]
    },
    "firstperson_lefthand": {
      "rotation": [
        38.06,
        -4.02,
        -5.1
      ]
    },
    "gui": {
      "rotation": [
        0,
        -71.25,
        0
      ],
      "translation": [
        -1.5,
        -3.25,
        0
      ],
      "scale": [
        1.388671875,
        1.388671875,
        1.388671875
      ]
    },
    "head": {
      "rotation": [
        86.72,
        46.71,
        -87.62
      ],
      "translation": [
        0,
        7,
        0
      ]
    },
    "fixed": {
      "rotation": [
        0,
        89,
        0
      ],
      "translation": [
        1.5,
        -3.75,
        0
      ],
      "scale": [
        1.392578125,
        1.392578125,
        1.392578125
      ]
    },
    "on_shelf": {
      "rotation": [
        0,
        -69.25,
        0
      ],
      "scale": [
        1.638671875,
        1.638671875,
        1.638671875
      ]
    }
  }
}