{
  "credit": "Made with Blockbench",
  "parent": "builtin/entity",
  "texture_size": [
    64,
    64
  ],
  "display": {
    "thirdperson_righthand": {
      "rotation": [
        -179.55999999999995,
        -10.829999999999927,
        -175.42999999999984
      ],
      "translation": [
        -0.5,
        -7.75,
        4
      ],
      "scale": [
        0.7,
        0.7,
        0.7
      ]
    },
    "thirdperson_lefthand": {
      "rotation": [
        -179.55999999999995,
        -10.829999999999927,
        -175.42999999999984
      ],
      "translation": [
        -0.5,
        -7.75,
        3.25
      ],
      "scale": [
        0.7,
        0.7,
        0.7
      ]
    },
    "firstperson_righthand": {
      "rotation": [
        -152.21,
        14,
        176.56
      ],
      "translation": [
        -1,
        -0.75,
        1.75
      ],
      "scale": [
        0.5470312500000001,
        0.5470312500000001,
        0.5470312500000001
      ]
    },
    "firstperson_lefthand": {
      "rotation": [
        -154.61,
        21.53,
        -179.73
      ],
      "translation": [
        0,
        -1.75,
        1.75
      ],
      "scale": [
        0.45195312499999996,
        0.45195312499999996,
        0.45195312499999996
      ]
    },
    "ground": {
      "rotation": [
        -179.55999999999995,
        -10.829999999999927,
        -175.42999999999984
      ],
      "translation": [
        -0.5,
        3.25,
        4
      ],
      "scale": [
        0.7,
        0.7,
        0.7
      ]
    },
    "gui": {
      "rotation": [
        0,
        65.25,
        0
      ],
      "translation": [
        0,
        -9.25,
        0
      ],
      "scale": [
        0.7,
        0.7,
        0.7
      ]
    },
    "head": {
      "rotation": [
        172.22,
        7.57,
        48.29
      ],
      "translation": [
        2.5,
        14.5,
        -2.5
      ],
      "scale": [
        0.7,
        0.7,
        0.7
      ]
    },
    "fixed": {
      "rotation": [
        180,
        -87.75,
        180
      ],
      "translation": [
        0,
        -7.75,
        0
      ],
      "scale": [
        0.7,
        0.7,
        0.7
      ]
    }
  },
  "textures": {
    "particle": "kamen_rider_weapon_craft:item/sonic_arrow_lemon"
  }
}