{
	"format_version": "1.8.0",
	"animations": {
		"ghost": {
			"loop": "hold_on_last_frame",
			"animation_length": 6,
			"bones": {
				"Hand device": {
					"rotation": {
						"0.0": {
							"vector": [0, 0, 0]
						},
						"3.125": {
							"vector": [-175.85754, -6.52993, -88.54298]
						}
					},
					"position": {
						"0.0": {
							"vector": [0, 0, 0]
						},
						"3.125": {
							"vector": [0, 0, 0]
						}
					},
					"scale": {
						"0.0": {
							"vector": [1, 1, 1]
						},
						"3.125": {
							"vector": [1, 1, 1]
						}
					}
				},
				"drops": {
					"position": {
						"0.0": {
							"vector": [0, 0, 0]
						},
						"3.125": {
							"vector": [0, 0, 0]
						},
						"3.3333": {
							"vector": [0, -4.6, 0]
						}
					}
				},
				"buttons2": {
					"rotation": {
						"vector": [0, 0, 0]
					},
					"position": {
						"3.125": {
							"vector": [0, 0, 0]
						},
						"3.25": {
							"vector": [0, -0.4, 0]
						},
						"3.3333": {
							"vector": [0, 0, 0]
						}
					}
				},
				"Necrom_ghost": {
					"rotation": {
						"0.0": {
							"vector": [0, 0, 0]
						},
						"1.5": {
							"vector": [0, 0, 182.5]
						},
						"3.0417": {
							"vector": [0, 41.61446, 41.82261]
						},
						"3.5": {
							"vector": [162.5, -72.5, 0]
						},
						"3.875": {
							"vector": [0, -217.5, 0]
						},
						"4.125": {
							"vector": [137.68611, -338.30009, -291.37864]
						},
						"4.5417": {
							"vector": [-37.5, -85, -180]
						},
						"4.7917": {
							"vector": [-120, -61.66681, 240.8336]
						},
						"5.2917": {
							"vector": [0, 0, 182.5]
						}
					},
					"position": {
						"0.0": {
							"vector": [0, 0, 0]
						},
						"1.5": {
							"vector": [0, -18, -15.6]
						},
						"2.2083": {
							"vector": [0, 21.5, 0]
						},
						"3.0417": {
							"vector": [0, -14, -38.8]
						},
						"3.5": {
							"vector": [37.5, 21.5, -38.8]
						},
						"4.5417": {
							"vector": [37.5, 21.5, -11.2]
						},
						"4.7917": {
							"vector": [15.1, 45.6, -11.2]
						},
						"5.1667": {
							"vector": [15.1, 16.4, -11.2]
						},
						"5.2917": {
							"vector": [15.1, 20.1, -11.2]
						}
					},
					"scale": {
						"0.0": {
							"vector": [0, 0, 0]
						},
						"0.5": {
							"vector": [0.2, 1, 0.2]
						},
						"1.0": {
							"vector": [0.5, 0.8, 1]
						},
						"1.5": {
							"vector": [1, 1, 1]
						},
						"3.5": {
							"vector": [1, 1, 1]
						},
						"5.4167": {
							"vector": [1, 1, 1]
						},
						"6.0": {
							"vector": [0, 0, 0]
						}
					}
				},
				"Head": {
					"rotation": {
						"0.0": {
							"vector": [0, 0, 0]
						},
						"2.2083": {
							"vector": [0, -2.5, 0]
						}
					}
				},
				"Right Arm": {
					"rotation": {
						"0.0": {
							"vector": [0, 0, 0]
						},
						"2.2083": {
							"vector": [-67.5, 0, 0]
						},
						"5.0417": {
							"vector": [0, 0, 25]
						}
					},
					"position": {
						"vector": [0, 0, 0]
					}
				},
				"Left Arm": {
					"rotation": {
						"0.0": {
							"vector": [0, 0, 0]
						},
						"2.2083": {
							"vector": [-72.58859, -4.90885, -9.39669]
						},
						"5.0417": {
							"vector": [0, 0, -30]
						}
					}
				}
			}
		},
		"idle": {
			"animation_length": 0.0417,
			"bones": {
				"Necrom_ghost": {
					"rotation": {
						"vector": [0, 0, 0]
					},
					"position": {
						"vector": [0, 0, 0]
					},
					"scale": {
						"vector": [0, 0, 0]
					}
				},
				"Necrom": {
					"scale": {
						"vector": [0, 0, 0]
					}
				}
			}
		}
	},
	"geckolib_format_version": 2
}