{
	"format_version": "1.8.0",
	"animations": {
		"show": {
			"loop": "hold_on_last_frame",
			"animation_length": 0.5,
			"bones": {
				"l": {
					"position": {
						"0.0": {
							"vector": [-0.75, 0, -1]
						},
						"0.5": {
							"vector": [0, 0, 0]
						}
					},
					"scale": {
						"0.0": {
							"vector": [0.5, 1, 0.3]
						},
						"0.5": {
							"vector": [1, 1, 1]
						}
					}
				},
				"r": {
					"scale": {
						"0.0": {
							"vector": [1, 1, 0.2]
						},
						"0.5": {
							"vector": [1, 1, 1]
						}
					}
				}
			}
		},
		"idles": {
			"animation_length": 0.0417,
			"bones": {
				"l": {
					"position": {
						"vector": [-0.6, 0, -0.1]
					},
					"scale": {
						"vector": [1, 1, 0.28]
					}
				},
				"r": {
					"position": {
						"vector": [0.6, 0, -0.3]
					},
					"scale": {
						"vector": [0, 0, 0]
					}
				}
			}
		},
		"idle": {
			"animation_length": 0.2917
		},
		"henshin-a": {
			"animation_length": 13.1,
			"bones": {
				"quinbee": {
					"position": {
						"0.0": {
							"vector": [0, 1, 0]
						},
						"1.0": {
							"vector": [0, 0, 0]
						}
					}
				},
				"bone": {
					"rotation": {
						"0.0": {
							"vector": [0, 0, 0]
						},
						"1.7": {
							"vector": [-12.61091, -55.15709, -9.65229]
						},
						"2.0": {
							"vector": [-16.68, -65.62, -8.89]
						},
						"2.4": {
							"vector": [-206.0454, 19.25727, 180.64696]
						},
						"2.7": {
							"vector": [-144.76821, 0.89816, 162.0924]
						},
						"3.5": {
							"vector": [-200.54553, 80.32973, 126.49422]
						},
						"4.7": {
							"vector": [-344.57418, 13.22599, 0.96948]
						},
						"5.3": {
							"vector": [-384.16721, -69.99517, 59.99997]
						},
						"6.4": {
							"vector": [-489.09561, -25.13683, 176.94419]
						},
						"7.3": {
							"vector": [-397.63316, 72.30748, 295.75994]
						},
						"8.2": {
							"vector": [-344.20366, 6.04857, 363.1781]
						}
					},
					"position": {
						"0.0": {
							"vector": [0, 0, 0]
						},
						"0.8": {
							"vector": [0, 0, 0]
						},
						"1.2": {
							"vector": [-5, 0, -33]
						},
						"2.2": {
							"vector": [64.5, 62, -32]
						},
						"2.7": {
							"vector": [32.5, 55, 27]
						},
						"3.5": {
							"vector": [-48.75, 34, 88]
						},
						"4.7": {
							"vector": [-45.75, 79.5, -56.75]
						},
						"5.3": {
							"vector": [82.25, 100.5, -115.75]
						},
						"5.5": {
							"vector": [73.45, 100.5, -55.35]
						},
						"5.7": {
							"vector": [73.45, 100.5, 5.65]
						},
						"6.6": {
							"vector": [-39.55, 100.5, 5.65]
						}
					},
					"scale": {
						"0.0": {
							"vector": [1, 1, 1]
						},
						"0.8": {
							"vector": [1, 1, 1]
						},
						"1.2": {
							"vector": [8, 8, 8]
						}
					}
				},
				"bone21": {
					"rotation": {
						"0.0": {
							"vector": [0, 0, 0]
						},
						"0.8": {
							"vector": [0, 22.5, 0]
						},
						"1.0": {
							"vector": [0, -87.5, 0]
						},
						"1.3": {
							"vector": [0, 22.5, 0]
						},
						"1.5": {
							"vector": [0, 22.5, 0]
						},
						"1.7": {
							"vector": [0, -87.5, 0]
						},
						"2.0": {
							"vector": [0, 22.5, 0]
						},
						"2.2": {
							"vector": [0, 22.5, 0]
						},
						"2.4": {
							"vector": [0, -87.5, 0]
						},
						"2.7": {
							"vector": [0, 22.5, 0]
						},
						"3.0": {
							"vector": [0, 22.5, 0]
						},
						"3.2": {
							"vector": [0, -87.5, 0]
						},
						"3.5": {
							"vector": [0, 22.5, 0]
						},
						"3.8": {
							"vector": [0, 22.5, 0]
						},
						"4.0": {
							"vector": [0, -87.5, 0]
						},
						"4.3": {
							"vector": [0, 22.5, 0]
						},
						"4.7": {
							"vector": [0, 22.5, 0]
						},
						"4.9": {
							"vector": [0, -87.5, 0]
						},
						"5.2": {
							"vector": [0, 22.5, 0]
						},
						"5.4": {
							"vector": [0, 22.5, 0]
						},
						"5.6": {
							"vector": [0, -87.5, 0]
						},
						"5.9": {
							"vector": [0, 22.5, 0]
						},
						"6.1": {
							"vector": [0, 22.5, 0]
						},
						"6.3": {
							"vector": [0, -87.5, 0]
						},
						"6.6": {
							"vector": [0, 22.5, 0]
						},
						"7.1": {
							"vector": [0, -87.5, 0]
						},
						"7.4": {
							"vector": [0, 22.5, 0]
						},
						"7.6": {
							"vector": [0, 22.5, 0]
						},
						"7.8": {
							"vector": [0, -87.5, 0]
						},
						"8.1": {
							"vector": [0, 22.5, 0]
						},
						"8.3": {
							"vector": [0, 22.5, 0]
						},
						"8.5": {
							"vector": [0, -87.5, 0]
						},
						"8.8": {
							"vector": [0, 22.5, 0]
						},
						"9.4": {
							"vector": [0, -87.5, 0]
						},
						"9.7": {
							"vector": [0, 22.5, 0]
						},
						"9.9": {
							"vector": [0, 22.5, 0]
						},
						"10.1": {
							"vector": [0, -87.5, 0]
						},
						"10.4": {
							"vector": [0, 22.5, 0]
						},
						"10.6": {
							"vector": [0, 22.5, 0]
						},
						"10.8": {
							"vector": [0, -87.5, 0]
						},
						"11.1": {
							"vector": [0, 22.5, 0]
						},
						"11.4": {
							"vector": [0, -87.5, 0]
						},
						"11.7": {
							"vector": [0, 22.5, 0]
						},
						"11.9": {
							"vector": [0, 22.5, 0]
						},
						"12.1": {
							"vector": [0, -87.5, 0]
						},
						"12.4": {
							"vector": [0, 22.5, 0]
						},
						"12.6": {
							"vector": [0, 22.5, 0]
						},
						"12.8": {
							"vector": [0, -87.5, 0]
						},
						"13.1": {
							"vector": [0, 22.5, 0]
						}
					}
				},
				"bone20": {
					"rotation": {
						"0.0": {
							"vector": [0, 0, 0]
						},
						"0.8": {
							"vector": [0, -30, 0]
						},
						"1.0": {
							"vector": [0, 67.5, 0]
						},
						"1.3": {
							"vector": [0, -30, 0]
						},
						"1.5": {
							"vector": [0, -30, 0]
						},
						"1.7": {
							"vector": [0, 67.5, 0]
						},
						"2.0": {
							"vector": [0, -30, 0]
						},
						"2.2": {
							"vector": [0, -30, 0]
						},
						"2.4": {
							"vector": [0, 67.5, 0]
						},
						"2.7": {
							"vector": [0, -30, 0]
						},
						"3.0": {
							"vector": [0, -30, 0]
						},
						"3.2": {
							"vector": [0, 67.5, 0]
						},
						"3.5": {
							"vector": [0, -30, 0]
						},
						"3.8": {
							"vector": [0, -30, 0]
						},
						"4.0": {
							"vector": [0, 67.5, 0]
						},
						"4.3": {
							"vector": [0, -30, 0]
						},
						"4.7": {
							"vector": [0, -30, 0]
						},
						"4.9": {
							"vector": [0, 67.5, 0]
						},
						"5.2": {
							"vector": [0, -30, 0]
						},
						"5.4": {
							"vector": [0, -30, 0]
						},
						"5.6": {
							"vector": [0, 67.5, 0]
						},
						"5.9": {
							"vector": [0, -30, 0]
						},
						"6.1": {
							"vector": [0, -30, 0]
						},
						"6.3": {
							"vector": [0, 67.5, 0]
						},
						"6.6": {
							"vector": [0, -30, 0]
						},
						"7.1": {
							"vector": [0, 67.5, 0]
						},
						"7.4": {
							"vector": [0, -30, 0]
						},
						"7.6": {
							"vector": [0, -30, 0]
						},
						"7.8": {
							"vector": [0, 67.5, 0]
						},
						"8.1": {
							"vector": [0, -30, 0]
						},
						"8.3": {
							"vector": [0, -30, 0]
						},
						"8.5": {
							"vector": [0, 67.5, 0]
						},
						"8.8": {
							"vector": [0, -30, 0]
						},
						"9.4": {
							"vector": [0, 67.5, 0]
						},
						"9.7": {
							"vector": [0, -30, 0]
						},
						"9.9": {
							"vector": [0, -30, 0]
						},
						"10.1": {
							"vector": [0, 67.5, 0]
						},
						"10.4": {
							"vector": [0, -30, 0]
						},
						"10.6": {
							"vector": [0, -30, 0]
						},
						"10.8": {
							"vector": [0, 67.5, 0]
						},
						"11.1": {
							"vector": [0, -30, 0]
						},
						"11.4": {
							"vector": [0, 67.5, 0]
						},
						"11.7": {
							"vector": [0, -30, 0]
						},
						"11.9": {
							"vector": [0, -30, 0]
						},
						"12.1": {
							"vector": [0, 67.5, 0]
						},