{
	"format_version": "1.12.0",
	"minecraft:geometry": [
		{
			"description": {
				"identifier": "geometry.unknown",
				"texture_width": 64,
				"texture_height": 64,
				"visible_bounds_width": 2,
				"visible_bounds_height": 2.5,
				"visible_bounds_offset": [0, 0.75, 0]
			},
			"bones": [
				{
					"name": "rabbit",
					"pivot": [0.43143, 0.4564, 0.11187],
					"cubes": [
						{
							"origin": [-0.56285, 1.05316, 0.33887],
							"size": [2.044, 0.292, 0.62758],
							"uv": {
								"north": {"uv": [48, 7], "uv_size": [-1, 0.125]},
								"east": {"uv": [18.3125, 49], "uv_size": [-0.3125, 0.125]},
								"south": {"uv": [9, 47], "uv_size": [-1, 0.125]},
								"west": {"uv": [49.3125, 17], "uv_size": [-0.3125, 0.125]},
								"up": {"uv": [36, 44.3125], "uv_size": [1, -0.3125]},
								"down": {"uv": [44, 36.3125], "uv_size": [1, -0.3125]}
							}
						},
						{
							"origin": [-0.56285, 0.76116, -0.11385],
							"size": [1.46, 0.292, 0.41622],
							"uv": {
								"north": {"uv": [48, 7], "uv_size": [-1, 0.125]},
								"east": {"uv": [40.1875, 49], "uv_size": [-0.1875, 0.125]},
								"south": {"uv": [9, 47], "uv_size": [-1, 0.125]},
								"west": {"uv": [49.1875, 39], "uv_size": [-0.1875, 0.125]},
								"up": {"uv": [46, 41.1875], "uv_size": [0.75, -0.1875]},
								"down": {"uv": [42, 46.1875], "uv_size": [0.75, -0.1875]}
							}
						},
						{
							"origin": [-0.56285, 1.05316, -0.78555],
							"size": [2.044, 0.292, 1.1462],
							"uv": {
								"north": {"uv": [48, 7], "uv_size": [-1, 0.125]},
								"east": {"uv": [47.5625, 36], "uv_size": [-0.5625, 0.125]},
								"south": {"uv": [9, 47], "uv_size": [-1, 0.125]},
								"west": {"uv": [36.5625, 47], "uv_size": [-0.5625, 0.125]},
								"up": {"uv": [42, 40.5625], "uv_size": [1, -0.5625]},
								"down": {"uv": [42, 41.5625], "uv_size": [1, -0.5625]}
							}
						},
						{
							"origin": [0.97015, 0.03962, -0.76375],
							"size": [0.292, 0.9125, 1.606],
							"pivot": [0.71465, 0.62362, 0.03925],
							"rotation": [0, 0, 16],
							"uv": {
								"north": {"uv": [26.1875, 47], "uv_size": [-0.1875, 0.4375]},
								"east": {"uv": [44.8125, 12], "uv_size": [-0.8125, 0.4375]},
								"south": {"uv": [47.1875, 26], "uv_size": [-0.1875, 0.4375]},
								"west": {"uv": [44.8125, 11], "uv_size": [-0.8125, 0.4375]},
								"up": {"uv": [43, 1.9375], "uv_size": [0.5625, -0.9375]},
								"down": {"uv": [2, 43.9375], "uv_size": [0.5625, -0.9375]}
							}
						},
						{
							"origin": [-0.41685, 0.76962, -0.72433],
							"size": [1.752, 0.438, 1.56658],
							"uv": {
								"north": {"uv": [16, 45], "uv_size": [0.875, 0.25]},
								"east": {"uv": [37, 45], "uv_size": [0.8125, 0.25]},
								"south": {"uv": [45, 16], "uv_size": [0.875, 0.25]},
								"west": {"uv": [45, 37], "uv_size": [0.8125, 0.25]},
								"up": {"uv": [43, 1.9375], "uv_size": [0.5625, -0.9375]},
								"down": {"uv": [2, 43.9375], "uv_size": [0.5625, -0.9375]}
							}
						},
						{
							"origin": [-0.41685, -1.27438, -0.76375],
							"size": [1.752, 1.314, 1.606],
							"uv": {
								"north": {"uv": [42, 36], "uv_size": [0.875, 0.6875]},
								"east": {"uv": [0.9375, 34], "uv_size": [-0.9375, 1.5]},
								"south": {"uv": [39.5625, 19], "uv_size": [-0.5625, 1.5]},
								"west": {"uv": [33.9375, 33], "uv_size": [-0.9375, 1.5]},
								"up": {"uv": [43, 1.9375], "uv_size": [0.5625, -0.9375]},
								"down": {"uv": [2, 43.9375], "uv_size": [0.5625, -0.9375]}
							}
						},
						{
							"origin": [-0.56285, -1.71238, -0.83675],
							"size": [2.044, 0.584, 1.752],
							"uv": {
								"north": {"uv": [44, 34], "uv_size": [1, 0.3125]},
								"east": {"uv": [45, 0], "uv_size": [0.875, 0.3125]},
								"south": {"uv": [44, 35], "uv_size": [1, 0.3125]},
								"west": {"uv": [1, 45], "uv_size": [0.875, 0.3125]},
								"up": {"uv": [2, 38], "uv_size": [1, 0.875]},
								"down": {"uv": [3, 38.875], "uv_size": [1, -0.875]}
							}
						},
						{
							"origin": [-0.12485, -1.67588, -0.72725],
							"size": [1.168, 2.993, 1.898],
							"uv": {
								"north": {"uv": [19, 39], "uv_size": [0.5625, 1.5]},
								"east": {"uv": [33, 33], "uv_size": [0.9375, 1.5]},
								"south": {"uv": [39, 19], "uv_size": [0.5625, 1.5]},
								"west": {"uv": [0, 34], "uv_size": [0.9375, 1.5]},
								"up": {"uv": [43, 1], "uv_size": [0.5625, 0.9375]},
								"down": {"uv": [2, 43.9375], "uv_size": [0.5625, -0.9375]}
							}
						},
						{
							"origin": [-0.34385, 0.03962, -0.76375],
							"size": [0.3285, 0.9125, 1.606],
							"pivot": [0.20365, 0.62362, 0.03925],
							"rotation": [0, 0, -16],
							"uv": {
								"north": {"uv": [26, 47], "uv_size": [0.1875, 0.4375]},
								"east": {"uv": [44, 11], "uv_size": [0.8125, 0.4375]},
								"south": {"uv": [47, 26], "uv_size": [0.1875, 0.4375]},
								"west": {"uv": [44, 12], "uv_size": [0.8125, 0.4375]},
								"up": {"uv": [43.5625, 1.9375], "uv_size": [-0.5625, -0.9375]},
								"down": {"uv": [2.5625, 43.9375], "uv_size": [-0.5625, -0.9375]}
							}
						}
					]
				},
				{
					"name": "group",
					"parent": "rabbit",
					"pivot": [0.45638, 1.70167, 0.14652],
					"rotation": [0, -90, 0],
					"cubes": [
						{
							"origin": [-0.05185, 1.35362, -0.54475],
							"size": [1.022, 0.73, 1.168],
							"uv": {
								"north": {"uv": [8, 46], "uv_size": [0.5, 0.375]},
								"east": {"uv": [17, 45], "uv_size": [0.5625, 0.375]},
								"south": {"uv": [9, 46], "uv_size": [0.5, 0.375]},
								"west": {"uv": [21, 45], "uv_size": [0.5625, 0.375]},
								"up": {"uv": [41, 44], "uv_size": [0.5, 0.5625]},
								"down": {"uv": [42, 44.5625], "uv_size": [0.5, -0.5625]}
							}
						},
						{
							"origin": [0.08861, 1.31972, -0.54621],
							"size": [0.73, 0.73, 0],
							"pivot": [0.45361, 1.68472, -0.54475],
							"rotation": [0, 0, -45],
							"uv": {
								"north": {"uv": [46, 40], "uv_size": [0.375, 0.375]},
								"east": {"uv": [0, 0], "uv_size": [0, 0.375]},
								"south": {"uv": [41, 46], "uv_size": [0.375, 0.375]},
								"west": {"uv": [0, 0], "uv_size": [0, 0.375]},
								"up": {"uv": [0, 0], "uv_size": [0.375, 0]},
								"down": {"uv": [0, 0], "uv_size": [0.375, 0]}
							}
						}
					]
				}
			]
		}
	]
}